date,temperature_2m_max,temperature_2m_min,temperature_2m_mean,precipitation_sum,rain_sum,snowfall_sum,windspeed_10m_max,windgusts_10m_max,sunshine_duration
2024-03-04,14.4,3.7,8.0,0.0,0.0,0.0,21.8,39.6,32952.0
2024-03-05,8.4,5.2,6.6,20.3,20.3,0.0,20.1,40.7,0.0
2024-03-06,9.8,3.7,7.2,34.0,34.0,0.0,20.6,42.1,0.0
2024-03-07,12.6,4.9,9.6,2.7,2.7,0.0,28.0,47.9,10800.0
2024-03-08,12.4,0.8,6.0,0.0,0.0,0.0,20.0,34.6,37967.84
2024-03-09,8.1,3.8,5.4,43.5,43.5,0.0,33.5,60.8,0.0
2024-03-10,10.9,1.9,7.0,6.1,6.1,0.0,30.6,55.8,19491.86
2024-03-11,10.1,1.0,5.2,0.0,0.0,0.0,45.9,76.7,38596.7
2024-03-12,17.5,2.5,9.3,0.0,0.0,0.0,21.5,38.2,38882.96
2024-03-13,15.4,2.5,8.8,0.0,0.0,0.0,15.0,29.5,38973.88
2024-03-14,21.2,4.0,11.7,0.0,0.0,0.0,15.8,27.4,39171.43
2024-03-15,21.6,7.9,14.8,0.8,0.8,0.0,24.1,46.1,29947.31
2024-03-16,14.4,4.8,9.3,0.1,0.1,0.0,20.7,38.2,39463.76
2024-03-17,15.8,7.2,10.9,0.4,0.4,0.0,28.8,51.5,36549.82
2024-03-18,9.2,1.9,6.4,0.0,0.0,0.0,20.6,37.4,35376.42
2024-03-19,7.5,0.2,3.5,0.5,0.3,0.14,27.8,49.3,33890.41
2024-03-20,11.9,0.4,5.9,2.8,2.8,0.0,30.7,53.3,31100.38
2024-03-21,5.6,-3.7,0.7,0.0,0.0,0.0,30.3,53.6,40809.7
2024-03-22,5.7,-5.2,1.1,0.0,0.0,0.0,18.9,35.3,39252.54
2024-03-23,10.0,0.3,5.6,63.6,63.6,0.0,33.5,62.3,0.0
2024-03-24,8.6,-2.4,2.6,0.0,0.0,0.0,30.8,55.1,41302.86
2024-03-25,10.2,-1.5,4.2,0.0,0.0,0.0,22.1,40.7,41466.36
2024-03-26,9.9,0.1,5.7,0.0,0.0,0.0,18.8,36.7,21100.32
2024-03-27,10.9,4.8,7.5,1.0,1.0,0.0,11.2,20.5,0.0
2024-03-28,10.7,5.5,8.4,21.4,21.4,0.0,21.8,34.9,0.0
2024-03-29,12.6,3.6,7.3,0.1,0.1,0.0,34.5,59.0,39114.14
2024-03-30,14.6,2.4,8.3,0.1,0.1,0.0,24.3,42.1,32697.35
2024-03-31,16.2,4.5,10.4,0.2,0.2,0.0,20.3,37.4,42268.4
2024-04-01,12.6,5.5,8.6,3.3,3.3,0.0,13.2,24.5,5193.35
2024-04-02,8.4,6.2,7.2,19.0,19.0,0.0,20.7,36.4,0.0
2024-04-03,6.9,4.4,5.7,28.5,28.5,0.0,39.8,66.2,0.0
2024-04-04,9.2,2.2,5.6,6.2,6.2,0.0,32.2,64.8,17748.98
2024-04-05,9.6,1.6,5.5,0.0,0.0,0.0,28.5,50.0,43144.96
2024-04-06,11.5,3.1,6.9,0.2,0.2,0.0,27.9,50.0,32426.59
2024-04-07,14.3,1.5,7.1,0.1,0.1,0.0,24.1,42.5,41468.62
2024-04-08,18.0,0.9,9.1,1.0,1.0,0.0,14.2,25.6,40541.27
2024-04-09,24.0,4.9,14.3,0.0,0.0,0.0,18.2,29.5,43200.0
2024-04-10,15.9,8.2,12.1,0.6,0.6,0.0,16.6,31.7,31432.54
2024-04-11,17.1,9.3,12.6,6.6,6.6,0.0,29.4,49.0,13077.97
2024-04-12,19.6,12.1,15.5,14.8,14.8,0.0,39.0,75.2,28696.59
2024-04-13,11.4,7.7,9.5,2.0,2.0,0.0,35.3,56.9,0.0
2024-04-14,22.2,5.9,14.5,0.9,0.9,0.0,23.8,44.6,42563.77
2024-04-15,24.8,10.4,18.0,0.0,0.0,0.0,24.6,41.8,43451.39
2024-04-16,20.5,6.9,14.2,0.0,0.0,0.0,18.5,34.2,43902.98
2024-04-17,15.6,7.4,10.6,3.3,3.3,0.0,18.4,34.9,22136.79
2024-04-18,9.4,5.6,8.4,5.9,5.9,0.0,25.0,44.6,7200.0
2024-04-19,13.2,4.1,8.7,0.0,0.0,0.0,20.4,38.5,37665.05
2024-04-20,20.1,7.1,12.8,2.3,2.3,0.0,28.8,50.4,32642.77
2024-04-21,12.1,2.1,7.6,0.0,0.0,0.0,23.0,40.3,25030.37
2024-04-22,15.0,2.1,8.7,0.0,0.0,0.0,17.0,33.8,45205.79
2024-04-23,14.8,2.2,9.4,0.0,0.0,0.0,27.8,49.3,45296.6
2024-04-24,21.4,8.6,13.5,1.6,1.6,0.0,32.0,55.4,36629.05
2024-04-25,12.3,3.2,7.5,0.0,0.0,0.0,22.0,35.6,45565.64
2024-04-26,14.6,1.7,8.0,0.0,0.0,0.0,19.2,34.9,45750.57
2024-04-27,14.5,3.0,9.2,0.3,0.3,0.0,27.1,47.9,35787.81
2024-04-28,22.8,9.1,15.7,0.6,0.6,0.0,16.3,32.8,43651.55
2024-04-29,28.3,13.0,19.6,3.4,3.4,0.0,15.5,28.1,45486.75
2024-04-30,22.9,11.2,15.4,2.2,2.2,0.0,14.6,28.8,31034.2
2024-05-01,24.8,10.4,15.4,1.5,1.5,0.0,19.8,38.5,45012.54
2024-05-02,27.8,10.2,18.6,0.0,0.0,0.0,22.7,38.5,37375.87
2024-05-03,17.2,9.8,13.3,0.0,0.0,0.0,19.2,36.4,42480.88
2024-05-04,16.5,7.8,11.5,0.0,0.0,0.0,21.2,40.0,26065.07
2024-05-05,12.1,9.1,10.7,8.9,8.9,0.0,23.7,40.7,0.0
2024-05-06,22.6,11.9,16.9,0.5,0.5,0.0,11.6,22.0,9731.03
2024-05-07,26.1,12.2,19.2,0.0,0.0,0.0,15.2,29.2,47747.35
2024-05-08,30.9,15.9,23.0,0.0,0.0,0.0,26.6,46.4,40927.02
2024-05-09,21.0,14.3,17.4,0.0,0.0,0.0,16.6,31.7,21513.58
2024-05-10,12.6,9.4,10.4,12.9,12.9,0.0,19.7,34.2,145.18
2024-05-11,16.5,6.5,11.4,0.0,0.0,0.0,19.8,37.8,42927.21
2024-05-12,13.4,8.1,10.5,7.6,7.6,0.0,14.8,29.9,19851.44
2024-05-13,20.0,5.8,13.1,0.0,0.0,0.0,23.6,40.0,46235.88
2024-05-14,22.5,9.4,16.4,3.3,3.3,0.0,21.3,36.4,30579.24
2024-05-15,19.8,13.5,15.7,6.8,6.8,0.0,26.0,47.2,14392.08
2024-05-16,19.0,14.3,16.5,4.7,4.7,0.0,31.4,52.9,1701.15
2024-05-17,22.6,12.1,17.4,0.0,0.0,0.0,18.3,33.8,24763.78
2024-05-18,22.8,13.2,16.6,2.2,2.2,0.0,15.7,28.8,20919.32
2024-05-19,23.4,12.4,16.7,0.2,0.2,0.0,19.7,34.9,34374.17
2024-05-20,23.8,10.7,16.4,0.0,0.0,0.0,19.0,35.6,49144.2
2024-05-21,27.1,12.4,19.4,0.0,0.0,0.0,17.0,32.8,49237.82
2024-05-22,28.5,15.8,22.1,0.0,0.0,0.0,22.8,41.4,48977.95
2024-05-23,27.1,19.0,22.6,3.0,3.0,0.0,16.1,27.4,28084.4
2024-05-24,29.4,15.8,22.5,0.0,0.0,0.0,15.5,28.4,49504.05
2024-05-25,26.0,13.9,19.6,0.1,0.1,0.0,17.5,34.2,49587.56
2024-05-26,26.0,15.7,20.1,0.1,0.1,0.0,16.0,31.3,47017.36
2024-05-27,22.5,17.1,19.2,34.6,34.6,0.0,26.5,48.6,11894.89
2024-05-28,27.1,16.9,21.9,0.0,0.0,0.0,26.7,46.1,49735.34
2024-05-29,25.1,14.0,19.0,13.8,13.8,0.0,17.6,30.6,46800.0
2024-05-30,21.7,13.9,17.6,0.8,0.8,0.0,21.7,38.5,49819.77
2024-05-31,25.0,13.2,18.6,0.0,0.0,0.0,20.4,36.0,48867.65
2024-06-01,28.1,13.1,20.9,0.0,0.0,0.0,16.0,27.7,49898.86
2024-06-02,27.3,14.2,21.2,0.0,0.0,0.0,21.3,38.2,40046.11
2024-06-03,30.0,17.5,23.6,0.2,0.2,0.0,15.2,28.4,48169.68
2024-06-04,25.6,16.0,20.7,0.0,0.0,0.0,18.4,32.8,50011.75
2024-06-05,26.2,14.7,20.5,6.8,6.8,0.0,23.6,41.8,28313.48
2024-06-06,27.8,19.4,23.2,40.5,40.5,0.0,32.8,59.8,34175.41
2024-06-07,28.5,17.2,22.9,0.3,0.3,0.0,23.4,40.0,40400.19
2024-06-08,25.3,15.4,20.4,0.0,0.0,0.0,26.3,45.7,48933.89
2024-06-09,25.4,14.6,20.3,0.1,0.1,0.0,27.0,46.8,39649.69
2024-06-10,24.5,14.6,19.5,0.0,0.0,0.0,17.7,33.1,42218.6
2024-06-11,23.4,13.9,18.9,1.1,1.1,0.0,11.4,23.8,43545.89
2024-06-12,25.8,14.5,19.9,0.0,0.0,0.0,18.0,32.8,46679.17
2024-06-13,29.0,13.9,22.0,0.0,0.0,0.0,31.2,53.3,50292.87
2024-06-14,29.6,19.1,23.1,18.9,18.9,0.0,15.5,29.9,34461.07
2024-06-15,27.4,17.1,21.8,0.0,0.0,0.0,22.6,38.5,50339.32
2024-06-16,24.0,14.5,19.1,0.0,0.0,0.0,18.6,33.8,50359.86
2024-06-17,29.5,16.1,23.0,0.0,0.0,0.0,25.8,45.7,50378.5
2024-06-18,30.0,20.5,25.1,0.0,0.0,0.0,24.4,42.5,50395.16
2024-06-19,31.1,19.8,25.0,0.0,0.0,0.0,25.0,44.6,50400.0
2024-06-20,33.4,19.9,26.5,0.0,0.0,0.0,21.3,38.2,50400.0
2024-06-21,35.5,22.7,27.9,0.0,0.0,0.0,21.2,43.9,48514.57
2024-06-22,34.7,22.3,27.1,5.0,5.0,0.0,16.7,33.1,46800.0
2024-06-23,36.3,22.6,29.5,0.1,0.1,0.0,26.7,47.9,34538.85
2024-06-24,27.2,22.0,25.1,0.0,0.0,0.0,39.0,65.9,50097.42
2024-06-25,33.8,20.1,26.6,0.0,0.0,0.0,23.7,42.1,50400.0
2024-06-26,35.8,23.2,28.4,0.1,0.1,0.0,28.0,46.4,46827.21
2024-06-27,30.4,20.5,25.1,10.6,10.6,0.0,19.2,35.3,45678.5
2024-06-28,25.5,15.4,20.2,0.0,0.0,0.0,21.6,38.5,50400.0
2024-06-29,26.9,17.9,23.3,1.8,1.8,0.0,34.1,59.0,34583.23
2024-06-30,33.5,19.8,26.1,20.7,20.7,0.0,24.0,42.1,30544.59
2024-07-01,26.9,16.5,22.0,0.1,0.1,0.0,24.7,45.0,50400.0
2024-07-02,28.8,16.5,22.8,0.0,0.0,0.0,15.5,27.7,47550.19
2024-07-03,28.1,17.2,22.8,0.0,0.0,0.0,27.9,49.3,50377.7
2024-07-04,30.5,19.5,25.0,2.2,2.2,0.0,19.7,36.7,48241.1
2024-07-05,32.2,22.1,27.0,1.3,1.3,0.0,18.2,33.8,43132.17
2024-07-06,33.2,23.0,28.1,3.2,3.2,0.0,16.6,36.0,46796.3
2024-07-07,32.7,23.8,27.8,1.6,1.6,0.0,15.9,29.2,49915.41
2024-07-08,33.0,23.3,27.0,0.0,0.0,0.0,15.3,29.9,48796.46
2024-07-09,31.0,22.5,27.1,0.2,0.2,0.0,24.9,43.9,42619.35
2024-07-10,32.1,24.8,28.0,0.3,0.3,0.0,34.5,59.4,50045.85
2024-07-11,34.5,23.4,27.9,5.6,5.6,0.0,28.2,52.2,49103.48
2024-07-12,29.5,21.9,25.3,6.1,6.1,0.0,19.9,42.1,33694.4
2024-07-13,30.8,21.6,25.5,27.4,27.4,0.0,17.1,31.7,35833.8
2024-07-14,31.4,22.0,27.1,1.2,1.2,0.0,15.9,31.3,49772.47
2024-07-15,35.2,23.1,28.9,0.5,0.5,0.0,20.8,43.6,49696.27
2024-07-16,35.2,22.7,29.0,0.8,0.8,0.0,24.5,55.8,49409.93
2024-07-17,32.1,23.5,27.2,34.1,34.1,0.0,18.3,41.0,38230.52
2024-07-18,30.9,21.5,25.7,0.0,0.0,0.0,15.0,26.3,31348.55
2024-07-19,29.0,18.0,23.8,0.0,0.0,0.0,15.6,28.1,49363.33
2024-07-20,28.9,17.8,24.3,2.1,2.1,0.0,17.6,33.8,25067.77
2024-07-21,31.5,19.8,26.0,0.1,0.1,0.0,21.6,37.8,49181.56
2024-07-22,28.5,21.1,24.6,4.6,4.6,0.0,20.7,36.4,15112.34
2024-07-23,29.6,21.1,24.6,3.2,3.2,0.0,8.5,22.0,29536.74
2024-07-24,29.5,21.2,24.5,8.8,8.8,0.0,14.9,28.4,19226.73
2024-07-25,30.8,20.7,25.1,0.0,0.0,0.0,16.3,29.2,22673.08
2024-07-26,29.5,18.2,23.9,0.0,0.0,0.0,21.1,37.4,45796.76
2024-07-27,30.0,17.7,24.3,0.0,0.0,0.0,15.0,25.6,45927.48
2024-07-28,31.5,18.1,24.5,0.0,0.0,0.0,23.1,40.0,31446.99
2024-07-29,29.5,21.6,25.1,4.0,4.0,0.0,17.9,33.5,39592.57
2024-07-30,32.1,21.4,26.4,0.0,0.0,0.0,28.8,50.4,45639.32
2024-07-31,32.0,23.2,26.0,9.9,9.9,0.0,18.2,36.0,39483.13
2024-08-01,34.9,20.5,27.7,0.1,0.1,0.0,16.9,32.0,48041.19
2024-08-02,33.0,23.7,27.2,10.0,10.0,0.0,21.6,43.6,44141.69
2024-08-03,33.1,23.5,26.9,13.3,13.3,0.0,19.5,39.2,44168.91
2024-08-04,28.3,23.1,24.6,13.5,13.5,0.0,14.3,29.9,25124.69
2024-08-05,32.0,20.4,26.7,0.0,0.0,0.0,19.8,37.1,46430.54
2024-08-06,32.6,22.1,25.7,43.0,43.0,0.0,17.4,36.0,40354.99
2024-08-07,22.7,18.5,21.0,19.1,19.1,0.0,21.2,37.4,2643.07
2024-08-08,23.5,18.2,20.8,5.1,5.1,0.0,24.3,41.4,0.0
2024-08-09,28.5,22.3,24.9,23.9,23.9,0.0,44.3,76.3,20696.49
2024-08-10,29.5,21.6,25.2,0.8,0.8,0.0,18.2,32.4,46315.96
2024-08-11,27.5,19.1,23.1,0.0,0.0,0.0,19.7,33.5,44530.88
2024-08-12,26.4,16.5,21.8,0.0,0.0,0.0,20.4,37.1,44882.04
2024-08-13,27.1,16.5,21.7,0.0,0.0,0.0,14.7,28.8,45257.68
2024-08-14,28.5,17.6,23.1,0.1,0.1,0.0,15.8,28.8,44836.76
2024-08-15,30.4,17.2,24.1,0.0,0.0,0.0,11.6,20.9,44704.03
2024-08-16,30.5,18.5,24.2,0.0,0.0,0.0,18.4,32.4,44683.64
2024-08-17,26.5,20.9,23.4,4.7,4.7,0.0,24.3,42.5,28448.28
2024-08-18,25.8,20.4,22.8,43.5,43.5,0.0,25.1,43.2,13397.91
2024-08-19,28.5,19.3,22.9,13.6,13.6,0.0,20.2,33.5,36447.11
2024-08-20,22.5,15.8,19.0,0.1,0.1,0.0,22.7,38.5,40040.79
2024-08-21,22.8,13.0,18.0,0.0,0.0,0.0,20.9,34.9,43996.92
2024-08-22,24.6,12.6,19.0,0.0,0.0,0.0,19.2,34.9,43809.52
2024-08-23,27.5,13.4,20.7,0.0,0.0,0.0,14.0,27.7,43800.59
2024-08-24,30.0,14.9,22.1,0.0,0.0,0.0,14.8,26.6,43548.59
2024-08-25,30.2,16.4,23.2,0.2,0.2,0.0,17.3,30.2,43200.0
2024-08-26,30.0,18.2,23.2,0.9,0.9,0.0,22.7,38.5,43290.39
2024-08-27,29.9,17.8,23.4,0.0,0.0,0.0,20.2,35.3,43292.8
2024-08-28,34.2,21.5,27.3,0.0,0.0,0.0,15.9,29.5,43200.0
2024-08-29,27.0,20.2,23.1,4.8,4.8,0.0,19.1,32.0,29878.62
2024-08-30,24.0,18.1,20.6,3.7,3.7,0.0,18.1,34.2,36337.38
2024-08-31,25.8,17.8,21.9,0.9,0.9,0.0,17.7,32.4,37905.05
2024-09-01,29.1,21.0,24.3,4.8,4.8,0.0,19.8,39.6,27364.17
2024-09-02,26.2,16.4,21.6,0.0,0.0,0.0,19.9,32.8,34714.03
2024-09-03,23.0,12.3,17.7,0.0,0.0,0.0,15.6,29.9,43051.9
2024-09-04,25.1,12.4,18.5,0.0,0.0,0.0,14.0,28.4,42955.33
2024-09-05,25.6,12.7,18.8,0.0,0.0,0.0,17.4,30.2,42858.65
2024-09-06,26.5,14.6,20.2,0.1,0.1,0.0,17.7,31.0,42689.28
2024-09-07,24.5,13.7,19.5,3.1,3.1,0.0,25.2,44.3,25848.46
2024-09-08,21.9,11.4,16.5,0.0,0.0,0.0,21.0,37.8,42568.86
2024-09-09,25.0,10.6,18.1,0.0,0.0,0.0,20.9,34.6,42471.98
2024-09-10,26.1,13.8,19.5,0.0,0.0,0.0,14.5,27.7,42374.0
2024-09-11,25.5,12.1,18.6,0.0,0.0,0.0,12.7,25.6,42275.05
2024-09-12,26.3,14.9,19.5,0.0,0.0,0.0,16.3,29.9,36547.88
2024-09-13,27.5,13.9,20.0,0.0,0.0,0.0,13.7,25.9,41961.81
2024-09-14,29.6,14.9,21.8,0.0,0.0,0.0,14.0,26.6,41802.77
2024-09-15,28.1,15.1,20.8,0.0,0.0,0.0,19.1,33.5,41642.99
2024-09-16,25.8,13.1,19.0,0.0,0.0,0.0,14.4,26.6,40557.97
2024-09-17,27.2,14.8,20.1,0.0,0.0,0.0,18.1,32.4,41321.61
2024-09-18,23.9,18.1,20.7,0.0,0.0,0.0,17.5,30.6,336.49
2024-09-19,29.8,16.4,22.8,0.0,0.0,0.0,17.3,31.7,39714.25
2024-09-20,27.8,17.4,21.9,0.0,0.0,0.0,20.3,34.6,40385.07
2024-09-21,27.1,15.4,20.2,0.0,0.0,0.0,18.1,33.5,40674.2
2024-09-22,25.4,13.6,18.8,0.0,0.0,0.0,17.2,31.3,40095.75
2024-09-23,21.1,13.2,17.3,0.1,0.1,0.0,16.9,31.7,18196.2
2024-09-24,20.2,13.9,17.4,0.0,0.0,0.0,17.2,28.4,12657.85
2024-09-25,20.8,16.0,18.0,1.1,1.1,0.0,20.8,35.6,307.98
2024-09-26,23.4,17.1,20.5,4.4,4.4,0.0,17.7,33.8,0.0
2024-09-27,22.3,18.2,20.3,0.9,0.9,0.0,15.4,27.7,0.0
2024-09-28,20.0,16.0,17.8,13.7,13.7,0.0,19.8,35.3,0.0
2024-09-29,18.6,16.5,17.2,1.2,1.2,0.0,17.8,30.6,0.0
2024-09-30,22.9,14.4,18.1,0.0,0.0,0.0,18.5,34.2,34852.05
2024-10-01,22.2,14.2,17.5,0.0,0.0,0.0,16.5,31.3,34621.79
2024-10-02,20.7,13.0,16.5,0.0,0.0,0.0,14.3,23.4,26785.91
2024-10-03,22.4,14.4,17.8,0.1,0.1,0.0,15.1,28.1,32959.74
2024-10-04,23.4,12.4,17.6,0.2,0.2,0.0,16.9,31.3,34620.5
2024-10-05,24.0,13.1,18.5,0.4,0.4,0.0,18.0,33.8,38156.38
2024-10-06,21.9,10.1,16.2,0.0,0.0,0.0,17.2,30.6,38091.85
2024-10-07,23.6,14.9,18.6,5.5,5.5,0.0,19.7,34.9,32400.0
2024-10-08,20.9,10.4,15.4,0.0,0.0,0.0,16.7,32.0,37170.7
2024-10-09,20.2,9.2,14.9,0.1,0.1,0.0,22.2,38.9,35847.66
2024-10-10,18.0,7.7,12.2,0.0,0.0,0.0,21.3,38.2,37579.73
2024-10-11,21.1,6.4,13.8,0.0,0.0,0.0,18.9,33.5,37414.97
2024-10-12,23.1,11.4,17.4,0.0,0.0,0.0,24.0,43.6,37250.62
2024-10-13,23.6,9.8,17.0,0.0,0.0,0.0,16.4,31.0,35583.14
2024-10-14,19.5,8.1,13.2,0.0,0.0,0.0,36.2,63.0,34589.17
2024-10-15,14.7,5.4,9.8,0.2,0.2,0.0,20.6,37.8,36524.3
2024-10-16,15.5,5.4,9.9,0.0,0.0,0.0,22.0,38.9,36599.73
2024-10-17,15.2,3.6,9.5,0.0,0.0,0.0,23.1,38.9,33994.96
2024-10-18,19.5,6.8,12.2,0.0,0.0,0.0,20.4,37.8,36268.46
2024-10-19,21.6,7.1,13.2,0.0,0.0,0.0,11.5,18.0,35948.78
2024-10-20,24.6,5.8,14.4,0.0,0.0,0.0,11.0,18.0,35828.52
2024-10-21,27.8,7.8,17.5,0.0,0.0,0.0,13.6,24.5,35527.16
2024-10-22,27.8,12.8,18.9,0.0,0.0,0.0,12.5,24.5,35155.42
2024-10-23,25.4,10.9,17.7,0.0,0.0,0.0,17.8,33.1,35129.94
2024-10-24,20.8,10.6,16.1,0.6,0.6,0.0,25.8,45.4,34639.33
2024-10-25,18.1,6.4,12.0,0.0,0.0,0.0,15.8,25.9,34761.62
2024-10-26,18.3,9.6,13.5,0.0,0.0,0.0,24.8,43.9,34393.65
2024-10-27,14.9,4.8,9.5,0.0,0.0,0.0,16.0,30.2,34427.34
2024-10-28,16.2,2.9,9.4,0.0,0.0,0.0,15.1,27.0,34220.68
2024-10-29,17.5,6.1,13.0,1.1,1.1,0.0,24.0,41.8,28050.17
2024-10-30,25.9,11.1,17.4,0.0,0.0,0.0,13.9,26.6,32269.02
2024-10-31,28.2,12.0,20.1,0.0,0.0,0.0,24.6,39.6,32400.0
2024-11-01,26.6,13.9,20.8,0.3,0.3,0.0,30.4,51.8,23002.79
2024-11-02,15.9,7.4,11.9,0.0,0.0,0.0,20.3,37.4,33733.3
2024-11-03,13.2,3.7,7.4,0.0,0.0,0.0,14.5,28.4,33651.02
2024-11-04,14.4,3.5,9.4,0.0,0.0,0.0,19.2,36.4,29698.41
2024-11-05,22.5,8.8,15.9,0.0,0.0,0.0,21.3,38.2,33100.75
2024-11-06,27.0,16.4,21.0,0.0,0.0,0.0,22.8,40.3,32560.59
2024-11-07,23.0,11.5,17.8,0.0,0.0,0.0,21.3,38.5,30842.13
2024-11-08,20.6,6.7,13.5,0.0,0.0,0.0,27.6,46.1,32639.59
2024-11-09,13.0,4.5,8.4,0.0,0.0,0.0,23.5,43.9,32544.29
2024-11-10,14.4,2.3,9.1,1.0,1.0,0.0,20.4,36.4,11906.92
2024-11-11,21.0,10.9,15.7,3.0,3.0,0.0,25.7,45.0,30751.22
2024-11-12,12.1,4.9,9.4,0.0,0.0,0.0,26.9,59.0,32123.56
2024-11-13,9.1,1.4,5.1,0.0,0.0,0.0,13.3,32.4,31973.19
2024-11-14,7.8,1.4,4.8,0.0,0.0,0.0,9.6,23.0,21801.83
2024-11-15,14.8,3.0,8.4,0.0,0.0,0.0,14.5,31.7,29914.21
2024-11-16,16.5,6.2,10.7,0.0,0.0,0.0,16.6,40.0,31614.55
2024-11-17,18.0,6.5,11.3,0.0,0.0,0.0,14.5,31.0,31449.9
2024-11-18,17.9,7.6,12.6,0.0,0.0,0.0,14.0,34.9,31414.31
2024-11-19,14.8,5.9,10.8,0.0,0.0,0.0,10.8,28.1,27091.21
2024-11-20,15.9,7.2,11.8,0.0,0.0,0.0,13.0,28.8,28614.09
2024-11-21,12.1,2.8,8.2,45.5,45.5,0.0,17.5,37.1,0.0
2024-11-22,4.9,2.1,3.5,12.2,12.1,0.07,24.8,55.1,5304.8
2024-11-23,8.9,2.5,5.9,0.9,0.9,0.0,25.4,65.2,31003.49
2024-11-24,10.9,5.5,8.0,0.0,0.0,0.0,22.3,56.2,29404.61
2024-11-25,10.8,2.2,6.8,0.0,0.0,0.0,10.7,23.0,30862.04
2024-11-26,14.9,5.9,10.6,3.7,3.7,0.0,15.4,36.7,20420.59
2024-11-27,10.3,2.3,5.9,0.0,0.0,0.0,9.6,25.9,30715.72
2024-11-28,11.7,4.9,6.8,13.1,13.1,0.0,20.0,45.4,4261.49
2024-11-29,7.8,0.9,3.7,0.2,0.2,0.0,18.4,48.2,17939.59
2024-11-30,3.5,-2.2,0.3,0.0,0.0,0.0,16.9,43.9,30447.52
2024-12-01,2.7,-3.7,-1.0,0.0,0.0,0.0,17.9,44.3,29761.42
2024-12-02,4.0,-3.2,-0.4,0.0,0.0,0.0,10.5,27.4,29958.86
2024-12-03,5.2,-2.2,0.8,0.0,0.0,0.0,11.8,29.5,30206.52
2024-12-04,4.0,-3.3,0.5,0.0,0.0,0.0,15.8,35.3,18566.29
2024-12-05,4.6,-0.3,2.1,3.6,2.1,1.05,27.3,64.4,25048.62
2024-12-06,0.2,-2.3,-1.1,0.0,0.0,0.0,18.7,46.4,21572.45
2024-12-07,4.7,-2.7,0.8,0.0,0.0,0.0,13.9,34.9,29481.43
2024-12-08,11.4,1.5,5.7,0.0,0.0,0.0,19.6,45.0,28635.83
2024-12-09,10.4,1.0,5.6,7.4,7.4,0.0,11.6,29.2,8173.57
2024-12-10,11.1,5.8,8.3,3.0,3.0,0.0,13.2,28.8,0.0
2024-12-11,16.1,5.2,12.7,33.5,33.5,0.0,24.0,53.6,0.0
2024-12-12,4.8,-2.7,1.3,0.0,0.0,0.0,25.1,61.9,25975.48
2024-12-13,0.2,-4.0,-2.4,0.0,0.0,0.0,11.3,29.9,29297.89
2024-12-14,0.6,-5.6,-2.7,0.0,0.0,0.0,8.3,24.5,29375.57
2024-12-15,3.0,-4.9,-1.0,0.2,0.2,0.0,10.0,20.5,15475.16
2024-12-16,9.5,1.8,5.8,16.7,16.7,0.0,15.1,29.5,0.0
2024-12-17,14.7,7.1,10.7,3.3,3.3,0.0,15.8,34.2,22504.8
2024-12-18,9.9,1.5,6.3,3.6,3.6,0.0,10.9,24.8,29149.48
2024-12-19,6.4,0.8,4.2,1.5,1.5,0.0,15.0,32.4,25594.81
2024-12-20,2.5,-0.8,0.9,1.8,0.9,0.63,14.6,36.0,0.0
2024-12-21,0.2,-6.9,-2.9,4.0,0.0,2.8,19.9,52.9,25200.0
2024-12-22,-7.3,-12.8,-9.3,0.0,0.0,0.0,14.5,34.2,29166.66
2024-12-23,-3.5,-14.9,-9.8,0.0,0.0,0.0,10.5,21.6,29153.01
2024-12-24,1.5,-4.1,-1.6,1.9,0.0,1.33,9.7,22.3,18000.0
2024-12-25,0.2,-6.3,-3.1,0.0,0.0,0.0,10.2,24.5,24335.39
2024-12-26,-0.2,-8.1,-5.1,0.0,0.0,0.0,8.3,18.0,29046.94
2024-12-27,2.0,-9.4,-3.5,0.0,0.0,0.0,6.2,12.6,28903.23
2024-12-28,7.2,2.2,4.2,5.6,5.6,0.0,6.7,15.8,4075.96
2024-12-29,16.1,4.4,9.9,2.7,2.7,0.0,22.6,51.5,18991.34
2024-12-30,13.0,7.2,11.2,5.8,5.8,0.0,25.5,61.6,28845.37
2024-12-31,9.7,1.5,6.3,9.3,9.3,0.0,17.5,35.6,28948.64
2025-01-01,10.9,3.3,7.2,1.1,1.1,0.0,23.2,54.7,18000.0
2025-01-02,5.4,0.2,2.5,0.0,0.0,0.0,25.1,60.8,26335.0
2025-01-03,3.2,-1.9,0.3,0.0,0.0,0.0,17.1,41.0,28946.83
2025-01-04,-0.1,-2.9,-1.5,0.0,0.0,0.0,26.1,59.4,28360.23
2025-01-05,0.3,-3.6,-2.2,0.0,0.0,0.0,19.9,47.5,27395.67
2025-01-06,-1.5,-5.8,-2.5,1.7,0.0,1.19,18.4,41.8,0.0
2025-01-07,-3.0,-8.7,-5.1,0.0,0.0,0.0,29.9,73.4,25057.49
2025-01-08,-2.5,-6.6,-4.4,0.0,0.0,0.0,25.4,59.4,29405.28
2025-01-09,-1.5,-6.8,-4.0,0.0,0.0,0.0,29.0,67.3,29360.04
2025-01-10,3.3,-3.8,-0.8,0.0,0.0,0.0,22.5,50.8,29014.71
2025-01-11,0.4,-2.9,-1.2,2.0,0.0,1.4,17.3,39.2,13476.34
2025-01-12,4.8,-1.9,0.6,0.0,0.0,0.0,14.3,32.0,29919.16
2025-01-13,6.6,-1.9,1.3,0.0,0.0,0.0,18.3,42.1,30116.61
2025-01-14,0.3,-3.7,-1.9,0.0,0.0,0.0,21.1,49.7,30422.86
2025-01-15,-1.0,-5.7,-3.4,0.0,0.0,0.0,23.7,58.3,30372.74
2025-01-16,-0.6,-5.9,-3.1,0.3,0.0,0.21,10.7,29.5,18382.93
2025-01-17,5.0,-4.9,-0.5,0.0,0.0,0.0,10.8,27.4,27629.38
2025-01-18,6.5,-0.9,2.9,2.1,2.1,0.0,14.9,33.1,1650.09
2025-01-19,2.6,-2.6,0.5,8.8,0.3,5.95,18.3,39.2,0.0
2025-01-20,-3.8,-11.6,-7.5,0.2,0.0,0.14,16.3,37.8,31157.97
2025-01-21,-8.4,-15.8,-11.3,0.4,0.0,0.28,11.0,23.0,25500.99
2025-01-22,-8.1,-16.6,-11.9,0.0,0.0,0.0,10.2,23.8,31513.15
2025-01-23,-3.5,-13.1,-8.4,0.0,0.0,0.0,8.3,19.8,30806.87
2025-01-24,-1.0,-10.6,-6.4,0.0,0.0,0.0,10.7,26.3,31800.92
2025-01-25,-2.0,-13.0,-6.8,0.0,0.0,0.0,11.6,28.4,31901.85
2025-01-26,4.1,-5.6,-1.0,0.0,0.0,0.0,15.9,36.7,31038.17
2025-01-27,2.0,-4.8,-1.1,0.0,0.0,0.0,17.7,38.2,32328.78
2025-01-28,4.4,-3.0,0.6,0.0,0.0,0.0,23.3,55.1,28534.85
2025-01-29,9.1,-0.4,4.0,0.0,0.0,0.0,23.3,56.5,32598.1
2025-01-30,1.0,-6.2,-1.9,0.0,0.0,0.0,15.5,34.6,32262.05
2025-01-31,6.2,1.0,3.9,11.2,11.2,0.0,13.5,25.9,0.0
2025-02-01,5.9,-6.2,0.2,1.5,1.5,0.0,19.4,50.4,29039.32
2025-02-02,1.4,-9.6,-4.2,1.4,0.0,0.98,11.7,28.4,15796.87
2025-02-03,6.1,-3.0,2.0,0.4,0.3,0.07,12.8,25.6,29643.89
2025-02-04,6.2,-1.3,3.4,0.0,0.0,0.0,23.0,53.3,29809.05
2025-02-05,1.8,-3.5,-1.4,0.0,0.0,0.0,14.5,33.8,27643.26
2025-02-06,4.4,-1.5,1.2,8.5,3.6,3.43,14.1,33.1,1027.04
2025-02-07,5.1,-2.8,1.2,0.0,0.0,0.0,25.7,60.8,33921.48
2025-02-08,1.1,-4.4,-1.8,10.0,1.1,6.23,10.1,22.7,18445.02
2025-02-09,1.4,-2.2,-0.1,4.2,3.1,0.77,13.1,31.3,28176.49
2025-02-10,0.6,-6.3,-2.3,0.0,0.0,0.0,12.9,32.4,31244.92
2025-02-11,-0.2,-9.2,-4.0,1.9,0.0,1.33,5.2,13.0,6367.16
2025-02-12,0.6,-2.2,-0.6,4.0,0.0,2.8,13.0,29.5,0.0
2025-02-13,7.2,0.8,3.4,6.4,6.4,0.0,19.4,44.6,10678.83
2025-02-14,1.0,-3.2,-1.2,0.0,0.0,0.0,19.2,45.7,34877.45
2025-02-15,1.7,-4.0,-0.8,8.5,5.4,2.17,12.7,31.3,4363.55
2025-02-16,7.4,0.9,3.0,21.5,21.5,0.0,28.7,62.3,0.0
2025-02-17,-0.1,-3.5,-1.7,0.0,0.0,0.0,27.2,66.2,35123.02
2025-02-18,-3.0,-8.4,-5.4,0.0,0.0,0.0,20.5,52.9,35293.54
2025-02-19,-1.1,-9.2,-5.1,0.0,0.0,0.0,16.5,42.5,35294.41
2025-02-20,-1.0,-8.6,-4.8,0.9,0.0,0.63,20.6,46.1,23601.11
2025-02-21,-0.2,-6.3,-4.0,0.0,0.0,0.0,20.4,50.0,35631.76
2025-02-22,3.7,-7.3,-1.9,0.0,0.0,0.0,14.0,33.5,35561.99
2025-02-23,7.9,-1.8,2.5,0.0,0.0,0.0,11.1,27.4,34195.09
2025-02-24,8.3,-1.8,3.6,0.0,0.0,0.0,17.4,37.4,35745.95
2025-02-25,12.6,3.7,7.0,0.0,0.0,0.0,12.0,31.3,27509.8
2025-02-26,13.8,2.4,7.3,0.2,0.2,0.0,19.1,46.1,34943.46
2025-02-27,12.1,4.7,8.6,9.1,9.1,0.0,14.8,33.8,2211.98
2025-02-28,9.8,1.9,6.0,0.0,0.0,0.0,17.8,43.6,36000.0
2025-03-01,16.0,-2.8,6.7,0.0,0.0,0.0,26.3,62.6,31725.66
2025-03-02,0.6,-7.2,-3.5,0.0,0.0,0.0,19.2,47.5,37322.75
2025-03-03,3.7,-5.6,-1.4,0.0,0.0,0.0,13.0,33.1,37312.54
2025-03-04,12.9,-2.0,5.1,0.0,0.0,0.0,13.1,33.1,34765.55
2025-03-05,12.6,5.7,9.9,41.9,41.9,0.0,28.0,64.8,728.61
2025-03-06,12.2,1.2,9.3,0.2,0.2,0.0,25.2,58.0,35049.45
2025-03-07,8.2,-0.8,3.9,0.0,0.0,0.0,30.4,70.6,38046.5
2025-03-08,6.2,1.0,3.5,0.0,0.0,0.0,22.7,55.1,36850.46
2025-03-09,10.4,-2.3,3.8,0.0,0.0,0.0,24.4,63.4,38388.06
2025-03-10,17.1,3.7,9.6,0.0,0.0,0.0,13.2,27.7,38482.41
2025-03-11,16.1,2.8,9.6,0.0,0.0,0.0,11.2,30.6,38854.1
2025-03-12,11.4,3.2,7.2,0.0,0.0,0.0,15.0,32.4,38560.07
2025-03-13,10.4,2.0,5.7,0.0,0.0,0.0,10.9,28.8,38061.04
2025-03-14,12.9,0.8,6.1,0.0,0.0,0.0,10.5,27.7,39366.55
2025-03-15,9.2,3.7,6.7,0.5,0.5,0.0,11.9,29.2,1732.37
2025-03-16,15.9,7.7,13.0,8.6,8.6,0.0,24.3,62.3,0.0
2025-03-17,14.6,2.7,11.1,30.5,30.5,0.0,18.9,53.3,0.0
2025-03-18,14.1,0.7,7.0,0.0,0.0,0.0,17.8,41.8,40280.38
2025-03-19,14.2,2.8,8.0,0.0,0.0,0.0,10.3,26.6,40446.18
2025-03-20,10.1,5.6,7.9,15.0,15.0,0.0,16.4,39.2,3914.76
2025-03-21,9.4,2.5,6.3,3.7,3.7,0.0,25.7,61.6,40776.42
2025-03-22,16.5,2.5,8.4,0.0,0.0,0.0,22.1,51.1,38531.7
2025-03-23,8.3,-2.4,3.2,0.0,0.0,0.0,18.0,42.1,38411.39
2025-03-24,10.6,4.3,7.2,13.7,13.7,0.0,16.5,33.1,2785.58
2025-03-25,14.2,4.9,9.3,0.0,0.0,0.0,26.2,60.8,41428.7
2025-03-26,10.2,2.2,5.8,0.3,0.3,0.0,18.0,43.9,32523.29
2025-03-27,9.9,-0.5,4.7,0.0,0.0,0.0,16.1,42.5,41749.09
2025-03-28,15.8,4.6,10.3,1.3,1.3,0.0,13.2,28.4,37080.7
2025-03-29,26.4,6.8,15.9,7.3,7.3,0.0,21.7,49.7,39718.79
2025-03-30,13.9,5.7,8.8,0.5,0.5,0.0,9.0,26.6,16571.69
2025-03-31,24.0,8.2,16.9,41.0,41.0,0.0,21.2,52.9,34935.36
2025-04-01,15.4,4.6,8.4,4.6,4.6,0.0,22.6,49.3,42543.24
2025-04-02,8.5,0.2,4.8,0.0,0.0,0.0,16.0,43.9,35247.73
2025-04-03,22.4,7.1,15.8,1.5,1.5,0.0,22.0,55.1,3600.0
2025-04-04,20.9,12.8,17.1,7.2,7.2,0.0,13.8,34.2,34687.89
2025-04-05,12.1,6.1,9.2,1.5,1.5,0.0,16.5,41.0,0.0
2025-04-06,15.5,6.3,10.0,3.1,3.1,0.0,14.0,33.8,8703.88
2025-04-07,8.7,4.4,6.0,8.5,8.5,0.0,11.9,27.4,0.0
2025-04-08,6.8,1.4,4.5,0.0,0.0,0.0,27.0,63.0,43200.0
2025-04-09,8.4,-1.6,3.3,0.0,0.0,0.0,13.6,35.6,43200.0
2025-04-10,9.6,1.7,5.2,0.7,0.7,0.0,17.2,43.6,25200.0
2025-04-11,7.4,4.6,5.9,14.1,14.1,0.0,20.5,41.4,0.0
2025-04-12,5.7,1.6,3.9,14.8,12.9,1.33,23.0,47.5,0.0
2025-04-13,14.1,4.0,9.1,0.0,0.0,0.0,19.7,50.0,21083.76
2025-04-14,16.3,4.9,10.7,0.0,0.0,0.0,9.7,25.6,29951.4
2025-04-15,18.8,8.0,13.2,1.4,1.4,0.0,26.7,65.9,25097.51
2025-04-16,10.2,5.3,7.6,0.0,0.0,0.0,25.8,60.5,29012.1
2025-04-17,15.6,3.4,9.4,0.0,0.0,0.0,14.7,37.4,43888.39
2025-04-18,18.4,4.1,12.3,0.0,0.0,0.0,17.6,42.1,41807.73
2025-04-19,27.1,15.7,21.3,0.1,0.1,0.0,19.5,46.1,27531.6
2025-04-20,21.0,10.9,15.6,0.0,0.0,0.0,19.6,50.4,43200.0
2025-04-21,13.6,7.3,10.6,0.3,0.3,0.0,14.6,37.4,15031.88
2025-04-22,27.1,11.3,19.0,0.1,0.1,0.0,15.5,39.6,43895.66
2025-04-23,25.1,9.8,17.5,0.0,0.0,0.0,14.7,34.2,44981.31
2025-04-24,26.2,11.4,19.6,0.0,0.0,0.0,15.7,42.5,44684.82
2025-04-25,25.0,14.4,19.2,0.0,0.0,0.0,16.4,40.3,42922.66
2025-04-26,22.2,11.6,18.3,13.2,13.2,0.0,21.4,48.6,859.87
2025-04-27,14.2,8.4,11.8,0.0,0.0,0.0,30.4,77.0,36029.11
2025-04-28,22.6,9.1,16.2,0.0,0.0,0.0,12.6,27.4,46218.02
2025-04-29,27.1,11.1,19.8,0.0,0.0,0.0,19.3,45.0,45322.13
2025-04-30,22.8,15.2,20.2,0.0,0.0,0.0,17.9,44.6,40719.14
2025-05-01,21.2,10.2,15.7,0.0,0.0,0.0,14.6,40.0,46166.91
2025-05-02,30.1,14.2,22.2,0.0,0.0,0.0,16.0,42.8,41649.77
2025-05-03,29.0,18.3,22.5,9.1,9.1,0.0,14.7,51.5,45327.23
2025-05-04,21.3,15.3,17.6,13.2,13.2,0.0,13.1,35.3,13271.89
2025-05-05,20.2,14.1,16.1,13.4,13.4,0.0,13.5,34.6,253.02
2025-05-06,19.1,14.0,16.3,20.6,20.6,0.0,15.2,38.5,27425.88
2025-05-07,22.5,13.9,17.9,0.3,0.3,0.0,11.8,32.4,38863.4
2025-05-08,24.3,13.6,18.5,0.4,0.4,0.0,11.0,30.6,46029.86
2025-05-09,16.9,11.6,14.1,14.6,14.6,0.0,12.9,32.8,1605.36
2025-05-10,20.6,10.1,15.2,0.0,0.0,0.0,23.3,55.4,44549.03
2025-05-11,23.4,11.3,17.8,0.0,0.0,0.0,12.3,31.3,48178.73
2025-05-12,20.4,10.9,16.2,0.0,0.0,0.0,11.6,32.0,46178.49
2025-05-13,20.4,14.8,17.3,4.4,4.4,0.0,11.0,27.0,327.46
2025-05-14,19.2,14.9,16.4,26.0,26.0,0.0,17.1,44.3,6172.1
2025-05-15,23.0,15.6,18.4,4.1,4.1,0.0,10.9,31.0,31382.96
2025-05-16,22.4,15.2,18.2,0.9,0.9,0.0,13.4,38.9,11270.18
2025-05-17,26.8,17.3,21.8,2.5,2.5,0.0,19.2,47.5,38636.8
2025-05-18,23.1,14.9,18.9,0.5,0.5,0.0,24.9,64.4,47960.11
2025-05-19,20.1,11.2,15.7,0.0,0.0,0.0,21.8,50.0,49029.84
2025-05-20,18.6,8.6,14.0,0.0,0.0,0.0,12.6,34.6,46119.09
2025-05-21,14.0,9.4,12.1,4.1,4.1,0.0,18.1,42.5,0.0
2025-05-22,12.6,8.9,10.5,22.7,22.7,0.0,20.4,47.2,129.41
2025-05-23,16.8,8.8,12.1,3.2,3.2,0.0,13.9,37.8,23059.99
2025-05-24,17.0,8.5,13.3,0.5,0.5,0.0,18.2,45.7,45853.7
2025-05-25,19.2,10.4,15.0,0.0,0.0,0.0,17.6,42.1,43951.85
2025-05-26,22.2,10.4,16.8,0.0,0.0,0.0,13.1,33.1,49630.14
2025-05-27,25.6,11.9,18.7,0.0,0.0,0.0,14.7,36.4,34006.23
2025-05-28,19.0,12.4,15.5,10.9,10.9,0.0,11.6,31.7,572.59
2025-05-29,21.6,12.8,17.4,2.6,2.6,0.0,12.2,29.5,14910.54
2025-05-30,23.5,15.9,19.0,9.6,9.6,0.0,11.8,32.4,32267.28
2025-05-31,19.5,11.6,16.0,37.5,37.5,0.0,25.6,60.5,32800.0
2025-06-01,18.8,9.6,14.4,0.0,0.0,0.0,20.8,50.0,45104.8
2025-06-02,21.6,9.9,16.2,0.0,0.0,0.0,12.3,32.8,49299.57
2025-06-03,26.8,11.4,19.4,0.0,0.0,0.0,10.8,28.1,49966.9
2025-06-04,29.8,14.6,22.7,0.0,0.0,0.0,14.2,39.2,50005.15
2025-06-05,34.9,20.2,27.5,0.0,0.0,0.0,16.2,41.8,47289.11
2025-06-06,31.9,21.6,26.9,3.5,3.5,0.0,13.8,38.2,46800.0
2025-06-07,26.8,19.9,23.3,3.6,3.6,0.0,17.2,41.4,16807.01
2025-06-08,24.2,16.4,19.7,2.2,2.2,0.0,15.2,39.2,26651.23
2025-06-09,21.5,15.2,18.1,2.6,2.6,0.0,10.5,24.8,6663.23
2025-06-10,25.6,17.1,20.5,17.5,17.5,0.0,12.5,33.8,21395.62
2025-06-11,29.0,17.0,23.7,0.0,0.0,0.0,18.7,46.1,50235.87
2025-06-12,33.8,19.8,27.1,0.3,0.3,0.0,16.4,44.6,47977.91
2025-06-13,29.8,20.2,24.1,0.0,0.0,0.0,12.5,37.1,45835.49
2025-06-14,20.5,15.9,18.2,5.3,5.3,0.0,14.4,35.3,0.0
2025-06-15,19.6,15.2,17.0,5.4,5.4,0.0,11.0,25.2,1462.76
2025-06-16,20.0,15.8,18.0,4.3,4.3,0.0,12.1,30.2,6326.3
2025-06-17,21.3,17.1,19.0,4.0,4.0,0.0,10.8,28.1,922.51
2025-06-18,28.6,18.2,22.1,11.5,11.5,0.0,12.1,32.0,15481.44
2025-06-19,31.4,22.0,25.9,4.7,4.7,0.0,17.1,46.1,46800.0
2025-06-20,28.2,18.5,23.9,0.3,0.3,0.0,17.8,46.8,50400.0
2025-06-21,33.2,20.1,27.0,0.0,0.0,0.0,15.2,34.6,50400.0
2025-06-22,34.0,24.3,29.0,0.3,0.3,0.0,19.3,49.0,30331.83
2025-06-23,40.2,26.5,32.9,0.0,0.0,0.0,7.1,25.9,50400.0
2025-06-24,40.4,29.0,34.9,0.0,0.0,0.0,17.6,45.7,50400.0
2025-06-25,38.4,28.4,33.5,0.3,0.3,0.0,15.9,39.6,48817.52
2025-06-26,30.1,19.6,25.5,0.3,0.3,0.0,17.3,44.6,46781.29
2025-06-27,23.0,17.9,20.2,7.4,7.4,0.0,13.5,35.3,21697.11
2025-06-28,30.5,18.6,24.6,0.7,0.7,0.0,14.2,36.7,35671.0
2025-06-29,33.1,23.2,28.4,0.0,0.0,0.0,12.5,33.8,50400.0
2025-06-30,35.0,22.7,28.5,0.7,0.7,0.0,16.5,45.0,50078.21
2025-07-01,32.8,23.6,27.2,8.7,8.7,0.0,17.7,46.1,28800.0
2025-07-02,29.7,22.8,25.5,2.2,2.2,0.0,7.5,20.5,30263.11
2025-07-03,31.5,21.1,25.8,0.2,0.2,0.0,18.0,44.6,50384.64
2025-07-04,28.3,18.4,24.0,0.0,0.0,0.0,11.6,33.1,50353.73
2025-07-05,32.4,19.1,25.9,0.0,0.0,0.0,15.0,39.2,50322.01
2025-07-06,34.5,21.6,28.2,0.0,0.0,0.0,13.3,38.9,50289.47
2025-07-07,31.6,24.2,27.4,4.1,4.1,0.0,16.3,43.9,37576.41
2025-07-08,37.0,23.6,28.3,15.6,15.6,0.0,14.6,39.6,44344.18
2025-07-09,32.3,23.0,27.5,3.1,3.1,0.0,9.5,28.1,48830.25
2025-07-10,27.2,22.7,24.5,17.1,17.1,0.0,6.6,16.6,22151.16
2025-07-11,29.1,21.5,25.1,0.2,0.2,0.0,12.1,34.6,48931.54
2025-07-12,30.6,22.6,25.5,0.2,0.2,0.0,13.2,37.8,43066.8
2025-07-13,29.8,22.5,25.7,0.3,0.3,0.0,14.5,34.6,40860.8
2025-07-14,31.5,23.1,26.0,18.2,18.2,0.0,13.7,37.1,38568.84
2025-07-15,28.9,22.9,25.7,1.9,1.9,0.0,8.7,23.0,47760.07
2025-07-16,30.6,23.1,26.8,2.3,2.3,0.0,11.6,31.7,45459.26
2025-07-17,33.5,23.8,28.3,1.8,1.8,0.0,18.6,51.8,38157.86
2025-07-18,29.8,22.4,26.1,0.0,0.0,0.0,15.0,37.8,49466.06
2025-07-19,28.3,21.1,24.9,0.0,0.0,0.0,14.0,37.8,36811.43
2025-07-20,34.1,22.3,28.0,4.1,4.1,0.0,15.3,34.6,42491.69
2025-07-21,31.8,21.5,26.8,0.0,0.0,0.0,19.2,46.8,49201.23
2025-07-22,28.1,19.6,23.7,0.0,0.0,0.0,14.0,37.4,47855.18
2025-07-23,28.9,19.6,24.3,0.0,0.0,0.0,13.2,34.2,46612.61
2025-07-24,31.1,20.0,26.5,0.0,0.0,0.0,14.0,37.1,48598.73
2025-07-25,37.8,24.5,29.6,5.4,5.4,0.0,22.7,56.9,46309.52
2025-07-26,30.6,23.5,26.3,0.0,0.0,0.0,14.4,40.0,39966.75
2025-07-27,30.8,22.4,25.6,9.8,9.8,0.0,13.8,35.3,20866.74
2025-07-28,35.2,23.6,29.8,0.0,0.0,0.0,11.9,31.3,48512.53
2025-07-29,39.5,24.9,32.3,0.0,0.0,0.0,9.6,31.7,44804.82
2025-07-30,37.5,27.0,30.8,8.4,8.4,0.0,14.7,40.3,47880.49
2025-07-31,31.8,19.4,26.0,8.1,8.1,0.0,15.8,41.8,31440.57
2025-08-01,23.0,17.8,20.0,1.0,1.0,0.0,16.1,38.2,13132.49
2025-08-02,25.6,17.1,21.1,0.0,0.0,0.0,10.1,25.6,39127.33
2025-08-03,28.0,16.5,22.2,0.0,0.0,0.0,11.1,27.0,47832.98
2025-08-04,33.2,17.0,24.6,0.0,0.0,0.0,14.6,34.9,47712.84
2025-08-05,31.0,19.9,25.0,0.0,0.0,0.0,9.7,28.1,39960.6
2025-08-06,28.5,20.5,23.6,0.9,0.9,0.0,13.0,33.5,17751.08
2025-08-07,28.5,19.0,23.0,0.0,0.0,0.0,13.8,38.2,46889.21
2025-08-08,28.2,17.0,22.4,0.0,0.0,0.0,12.8,37.8,47192.31
2025-08-09,30.0,17.3,23.3,0.0,0.0,0.0,11.3,32.4,47089.62
2025-08-10,33.2,18.4,25.9,0.0,0.0,0.0,13.0,36.4,46439.39
2025-08-11,32.4,20.8,26.3,0.0,0.0,0.0,12.7,34.6,46527.55
2025-08-12,33.3,21.1,26.9,0.0,0.0,0.0,14.1,40.0,45492.4
2025-08-13,32.0,23.5,27.0,9.2,9.2,0.0,13.3,37.4,29744.83
2025-08-14,31.3,22.6,26.5,1.0,1.0,0.0,6.5,22.7,37430.52
2025-08-15,32.4,22.9,26.4,0.0,0.0,0.0,13.1,34.9,44823.51
2025-08-16,30.5,22.5,25.7,4.9,4.9,0.0,10.5,31.7,40571.34
2025-08-17,35.3,22.0,27.3,3.6,3.6,0.0,14.6,46.1,40139.38
2025-08-18,24.0,18.6,21.0,0.0,0.0,0.0,16.8,40.7,7735.19
2025-08-19,24.2,17.5,20.8,0.0,0.0,0.0,13.1,36.4,43207.95
2025-08-20,22.7,15.9,19.7,2.6,2.6,0.0,15.1,38.5,0.0
2025-08-21,21.9,15.8,18.4,0.0,0.0,0.0,22.6,53.6,26137.08
2025-08-22,26.9,14.9,21.0,0.0,0.0,0.0,13.3,29.5,43986.12
2025-08-23,28.0,17.2,22.1,0.0,0.0,0.0,21.6,50.8,43523.39
2025-08-24,26.2,17.5,22.1,0.2,0.2,0.0,18.6,46.1,43563.61
2025-08-25,31.6,19.1,25.0,0.0,0.0,0.0,19.4,50.0,43382.23
2025-08-26,27.5,17.6,22.7,0.0,0.0,0.0,16.6,41.4,43447.34
2025-08-27,25.0,16.5,20.7,0.1,0.1,0.0,15.6,40.0,43200.0
2025-08-28,27.1,15.1,21.5,0.0,0.0,0.0,14.1,38.2,35709.01
2025-08-29,27.4,18.0,22.3,0.0,0.0,0.0,16.0,38.2,43200.0
2025-08-30,25.8,14.3,20.2,0.0,0.0,0.0,12.7,33.8,43295.23
2025-08-31,27.5,14.9,20.9,0.0,0.0,0.0,15.1,39.6,41015.58
2025-09-01,26.6,16.6,21.6,0.0,0.0,0.0,16.8,44.6,43200.0
2025-09-02,26.9,16.5,21.0,0.0,0.0,0.0,13.9,37.8,43174.66
2025-09-03,26.4,15.5,20.5,0.0,0.0,0.0,13.8,37.8,43080.85
2025-09-04,25.2,16.0,20.9,6.1,6.1,0.0,20.4,50.0,42986.45
2025-09-05,28.5,18.1,23.6,3.2,3.2,0.0,15.7,39.6,42890.83
2025-09-06,30.1,18.8,23.5,20.8,20.8,0.0,19.0,50.8,28594.77
2025-09-07,20.8,16.8,18.3,17.4,17.4,0.0,9.4,20.5,11590.43
2025-09-08,21.6,13.1,17.5,0.0,0.0,0.0,9.2,26.6,42597.65
2025-09-09,22.2,13.2,17.6,0.0,0.0,0.0,12.8,33.8,42498.19
2025-09-10,20.6,15.2,17.9,5.0,5.0,0.0,13.8,30.2,10295.68
2025-09-11,26.9,15.4,21.1,0.0,0.0,0.0,13.6,35.3,42297.26
2025-09-12,27.4,16.3,21.0,0.0,0.0,0.0,11.4,26.6,41423.37
2025-09-13,26.5,16.2,20.8,0.7,0.7,0.0,12.7,34.9,35993.35
2025-09-14,29.8,17.0,22.4,0.5,0.5,0.0,9.3,27.4,41834.44
2025-09-15,28.5,17.9,22.2,0.0,0.0,0.0,12.1,33.8,40496.72
2025-09-16,24.5,17.5,20.4,0.0,0.0,0.0,17.0,43.9,27715.02
2025-09-17,21.1,17.2,19.2,6.8,6.8,0.0,14.4,35.6,18493.83
2025-09-18,27.4,18.2,22.2,0.1,0.1,0.0,7.7,19.8,41193.1
2025-09-19,28.0,18.0,22.6,0.0,0.0,0.0,11.1,29.2,41032.59
2025-09-20,23.8,14.5,18.8,0.0,0.0,0.0,12.3,32.4,40872.19
2025-09-21,22.1,13.8,17.2,0.0,0.0,0.0,11.2,29.9,39385.3
2025-09-22,22.6,12.0,17.6,0.0,0.0,0.0,11.2,28.1,39808.17
2025-09-23,29.5,16.6,22.8,6.6,6.6,0.0,14.9,37.4,38912.46
2025-09-24,26.6,18.4,21.9,4.7,4.7,0.0,16.9,42.1,12588.61
2025-09-25,24.9,19.9,22.1,46.9,46.9,0.0,15.7,41.4,8217.79
2025-09-26,26.5,18.6,22.3,0.0,0.0,0.0,8.7,25.6,36535.98
2025-09-27,24.4,16.9,20.7,0.1,0.1,0.0,6.1,16.6,22485.96
2025-09-28,28.0,17.7,22.4,0.6,0.6,0.0,6.5,20.2,39022.93
2025-09-29,24.1,17.2,20.5,0.0,0.0,0.0,10.7,23.0,21615.77
2025-09-30,25.4,17.0,20.4,0.0,0.0,0.0,14.1,31.3,26714.57
2025-10-01,20.3,12.1,16.1,0.0,0.0,0.0,14.4,34.9,38641.11
2025-10-02,19.0,9.6,14.2,0.0,0.0,0.0,8.7,23.8,38360.11
2025-10-03,22.1,9.0,15.6,0.0,0.0,0.0,8.9,26.6,38337.26
2025-10-04,27.8,11.8,19.6,0.0,0.0,0.0,9.4,19.4,38235.34
2025-10-05,29.8,14.4,21.5,0.0,0.0,0.0,9.6,25.2,38169.66
2025-10-06,26.8,14.6,20.3,0.0,0.0,0.0,12.8,34.2,38105.41
2025-10-07,27.4,17.1,22.0,0.0,0.0,0.0,19.2,47.9,35766.89
2025-10-08,21.5,13.4,18.9,5.4,5.4,0.0,17.4,41.4,21567.38
2025-10-09,15.1,7.9,11.8,0.0,0.0,0.0,14.9,38.2,37779.32
2025-10-10,16.1,4.8,11.0,0.0,0.0,0.0,11.4,31.0,37616.1
2025-10-11,19.0,9.6,14.5,1.4,1.4,0.0,14.0,31.0,2339.11
2025-10-12,16.5,13.1,14.8,15.5,15.5,0.0,24.6,53.3,0.0
2025-10-13,14.9,12.2,13.7,31.6,31.6,0.0,28.6,65.2,0.0
2025-10-14,16.1,12.2,14.0,0.1,0.1,0.0,18.5,43.2,11687.93
2025-10-15,19.9,11.4,15.3,0.0,0.0,0.0,13.4,34.6,35665.76
2025-10-16,15.3,7.2,10.7,0.0,0.0,0.0,17.5,42.5,36648.5
2025-10-17,17.0,7.2,11.2,0.0,0.0,0.0,15.0,32.8,36486.68
2025-10-18,17.9,6.5,12.1,0.0,0.0,0.0,7.6,15.8,33756.92
2025-10-19,20.8,9.9,16.2,0.0,0.0,0.0,20.5,47.9,35883.05
2025-10-20,20.0,11.4,15.4,10.2,10.2,0.0,23.9,59.4,24360.13
2025-10-21,19.2,8.0,13.6,0.1,0.1,0.0,12.7,31.3,35553.65
2025-10-22,16.6,10.8,13.6,1.5,1.5,0.0,21.1,54.0,33812.16
2025-10-23,15.1,8.6,11.3,0.1,0.1,0.0,18.1,42.8,34989.49
2025-10-24,14.9,5.8,10.2,0.0,0.0,0.0,11.9,32.8,33284.22
2025-10-25,14.4,5.8,10.3,0.0,0.0,0.0,9.2,25.2,22518.07
2025-10-26,14.4,6.8,10.1,0.1,0.1,0.0,7.2,21.2,34341.99
2025-10-27,12.9,3.5,8.0,0.0,0.0,0.0,11.7,25.2,34444.46
2025-10-28,12.4,4.2,8.9,0.0,0.0,0.0,21.7,51.5,21752.43
2025-10-29,13.6,7.1,10.4,0.1,0.1,0.0,16.1,38.5,23093.09
2025-10-30,16.5,10.9,14.0,44.4,44.4,0.0,26.5,63.0,0.0
2025-10-31,13.6,9.9,11.7,0.0,0.0,0.0,27.4,73.1,30873.8
2025-11-01,14.4,7.6,10.2,0.0,0.0,0.0,22.0,61.2,33828.23
2025-11-02,14.9,4.0,9.0,0.0,0.0,0.0,9.3,22.3,33631.68
2025-11-03,14.0,6.2,10.2,0.1,0.1,0.0,17.3,40.0,14634.72
2025-11-04,14.9,7.7,10.8,0.0,0.0,0.0,23.1,57.2,33561.82
2025-11-05,18.3,4.0,11.4,1.6,1.6,0.0,20.6,54.0,29296.22
2025-11-06,12.6,4.9,9.1,0.0,0.0,0.0,23.4,55.1,33121.18
2025-11-07,15.4,1.8,9.0,0.0,0.0,0.0,18.2,42.8,32107.15
2025-11-08,18.5,11.6,14.2,4.8,4.8,0.0,13.9,33.1,31529.82
2025-11-09,16.4,8.5,12.9,0.3,0.3,0.0,16.5,38.5,12785.69
2025-11-10,13.5,1.7,9.6,11.8,11.8,0.0,17.3,43.6,12431.92
2025-11-11,4.3,0.8,2.4,0.5,0.0,0.35,28.2,65.5,27810.48
2025-11-12,9.2,2.2,5.7,0.0,0.0,0.0,14.8,37.1,10825.25
2025-11-13,10.4,4.1,7.2,1.8,1.8,0.0,21.1,54.7,31929.42
2025-11-14,10.1,2.9,6.4,0.0,0.0,0.0,16.5,40.7,19636.91
2025-11-15,8.9,1.3,5.9,0.8,0.8,0.0,14.1,36.0,26220.15
2025-11-16,13.0,4.0,9.3,0.2,0.2,0.0,25.8,69.8,29531.82
2025-11-17,6.2,1.4,3.9,0.0,0.0,0.0,25.5,60.5,28390.63
2025-11-18,7.9,0.9,4.6,0.0,0.0,0.0,15.1,35.6,27788.2
2025-11-19,8.2,2.0,4.7,4.6,3.8,0.56,8.7,22.7,15718.8
2025-11-20,7.8,0.0,3.2,0.0,0.0,0.0,6.6,14.8,22329.37
2025-11-21,10.9,2.5,7.0,0.0,0.0,0.0,14.4,34.9,16899.06
2025-11-22,11.0,3.2,7.7,5.1,5.1,0.0,14.2,32.8,11804.96
2025-11-23,7.7,-0.9,3.9,0.0,0.0,0.0,12.2,27.0,16558.96
2025-11-24,11.4,4.2,6.8,0.0,0.0,0.0,13.5,32.8,30956.72
2025-11-25,12.9,2.9,8.1,13.7,13.7,0.0,18.0,40.0,0.0
2025-11-26,15.4,10.4,13.1,1.1,1.1,0.0,17.6,37.4,8951.86
2025-11-27,9.4,1.9,5.2,0.0,0.0,0.0,20.0,47.2,30747.27
2025-11-28,5.7,0.1,2.5,0.0,0.0,0.0,25.9,63.4,30224.15
2025-11-29,5.8,-0.2,1.8,0.0,0.0,0.0,15.7,36.0,30560.35
2025-11-30,4.9,-0.3,2.9,3.3,3.3,0.0,14.8,29.5,559.01
2025-12-01,6.1,-1.0,2.9,0.0,0.0,0.0,17.8,39.2,30383.95
2025-12-02,3.0,-1.6,1.0,17.2,17.0,0.14,17.2,35.6,0.0
2025-12-03,4.2,-1.3,1.1,0.0,0.0,0.0,17.7,40.0,30220.89
2025-12-04,5.4,-4.5,0.5,0.1,0.0,0.07,20.4,51.8,16035.58
2025-12-05,-0.8,-6.7,-3.4,0.0,0.0,0.0,12.2,33.1,15820.35
2025-12-06,4.3,-1.8,0.6,0.4,0.0,0.28,9.7,20.5,19133.72
2025-12-07,5.1,-1.7,1.5,0.0,0.0,0.0,11.8,28.8,28688.81
2025-12-08,1.8,-5.1,-2.1,0.0,0.0,0.0,18.6,45.4,29876.12
2025-12-09,-0.2,-7.4,-3.7,0.0,0.0,0.0,15.8,34.9,29824.17
2025-12-10,6.4,-0.6,2.7,3.1,3.1,0.0,18.3,40.3,13572.74
2025-12-11,4.0,-2.4,0.6,0.0,0.0,0.0,24.1,58.7,27312.71
2025-12-12,1.5,-4.8,-1.9,0.0,0.0,0.0,16.1,40.3,29666.52
2025-12-13,3.8,-4.4,-0.6,1.1,0.0,0.77,8.0,22.0,13684.73
2025-12-14,0.4,-8.3,-3.0,11.4,0.0,7.98,19.0,39.6,13698.5
2025-12-15,-2.9,-8.6,-6.2,0.0,0.0,0.0,18.1,37.4,29369.73
2025-12-16,-2.3,-9.3,-5.5,0.0,0.0,0.0,11.7,23.0,29288.05
2025-12-17,4.3,-6.4,-0.2,0.0,0.0,0.0,14.5,31.0,25116.44
2025-12-18,5.9,-4.6,1.7,0.0,0.0,0.0,8.8,23.0,29296.59
2025-12-19,14.5,-1.3,8.7,26.2,26.2,0.0,30.6,70.6,3600.0
2025-12-20,2.5,-2.1,-0.0,0.0,0.0,0.0,18.9,43.9,29179.98
2025-12-21,7.9,-2.2,2.3,0.0,0.0,0.0,22.8,52.9,29175.84
2025-12-22,3.1,-3.0,-0.5,0.0,0.0,0.0,14.1,31.0,29101.53
2025-12-23,3.1,0.5,1.5,2.9,0.8,1.47,10.8,22.7,0.0
2025-12-24,7.4,-1.3,3.3,0.0,0.0,0.0,24.6,63.0,29032.88
2025-12-25,8.4,-2.7,2.0,0.0,0.0,0.0,21.2,48.2,20143.48
2025-12-26,-2.7,-5.8,-4.1,8.1,0.1,5.6,12.0,27.7,7629.84
2025-12-27,-1.0,-8.1,-3.8,4.6,0.3,3.01,16.3,35.6,0.0
2025-12-28,1.5,-11.6,-5.4,0.9,0.9,0.0,9.6,19.1,20340.18
2025-12-29,7.3,-2.0,3.3,3.9,3.9,0.0,23.8,52.9,0.0
2025-12-30,-0.2,-3.3,-1.4,0.0,0.0,0.0,25.5,61.6,19636.15
2025-12-31,-0.2,-3.7,-2.1,0.0,0.0,0.0,16.5,41.4,23859.68
2026-01-01,0.6,-7.1,-3.7,1.1,0.0,0.77,25.1,59.0,28994.29
2026-01-02,-1.2,-7.3,-4.3,0.3,0.0,0.21,14.4,34.9,23354.83
2026-01-03,-0.6,-6.7,-3.5,0.0,0.0,0.0,10.3,25.6,27176.53
2026-01-04,1.0,-4.4,-2.2,0.3,0.0,0.21,12.1,31.3,28909.97
2026-01-05,0.9,-5.4,-1.6,0.8,0.0,0.56,12.6,26.3,4753.76
2026-01-06,4.0,-2.2,1.1,0.6,0.4,0.14,7.5,16.2,10007.38
2026-01-07,9.4,0.8,4.8,0.3,0.3,0.0,18.0,42.5,28839.4
2026-01-08,10.1,1.5,5.0,0.0,0.0,0.0,10.5,25.2,29472.22
2026-01-09,10.9,0.3,5.7,3.6,3.6,0.0,16.8,39.6,18812.33
2026-01-10,9.2,4.3,5.9,13.6,13.6,0.0,14.6,28.1,0.0
2026-01-11,8.3,0.6,5.0,0.2,0.2,0.0,21.3,48.2,24563.49
2026-01-12,4.8,-1.1,1.3,0.0,0.0,0.0,22.6,50.0,29914.19
2026-01-13,7.4,-0.7,2.8,0.0,0.0,0.0,15.5,33.1,26144.06
2026-01-14,9.9,4.2,6.5,0.1,0.1,0.0,10.0,23.0,844.16
2026-01-15,6.6,-4.6,1.9,0.1,0.1,0.0,19.7,46.8,22986.32
2026-01-16,0.1,-5.9,-2.7,0.0,0.0,0.0,20.7,49.7,29812.72
2026-01-17,2.0,-4.4,-0.4,4.7,0.0,3.29,10.4,24.1,300.35
2026-01-18,0.5,-4.6,-1.3,9.2,0.0,6.44,13.3,27.0,0.0
2026-01-19,-1.4,-7.1,-3.8,0.0,0.0,0.0,18.6,37.8,28145.76
2026-01-20,-5.7,-11.8,-9.1,0.0,0.0,0.0,17.4,38.9,31133.53
2026-01-21,1.3,-15.4,-7.1,0.1,0.0,0.07,15.8,36.0,30945.93
2026-01-22,6.8,0.9,3.0,0.1,0.0,0.07,19.2,41.8,29460.0
2026-01-23,2.2,-9.4,-1.4,0.0,0.0,0.0,22.0,53.3,27632.41
2026-01-24,-7.4,-13.1,-10.1,0.0,0.0,0.0,19.2,48.6,25902.03
2026-01-25,-4.8,-12.2,-9.6,33.3,6.1,19.04,29.8,65.5,0.0
2026-01-26,-3.2,-9.5,-6.3,0.2,0.1,0.07,20.7,42.5,16613.62
2026-01-27,-7.3,-13.4,-10.2,0.1,0.0,0.07,20.8,42.1,28274.05
2026-01-28,-6.8,-13.4,-10.5,0.0,0.0,0.0,14.8,30.6,28733.2
2026-01-29,-8.1,-15.1,-11.7,0.0,0.0,0.0,13.8,28.8,32568.64
2026-01-30,-9.3,-15.4,-12.7,0.0,0.0,0.0,14.6,31.0,32709.28
2026-01-31,-7.2,-18.3,-13.2,0.0,0.0,0.0,18.7,37.4,31741.35
2026-02-01,-6.6,-14.1,-10.6,0.0,0.0,0.0,24.1,49.3,32694.83
2026-02-02,-0.9,-11.0,-6.7,0.0,0.0,0.0,17.8,36.0,33141.98
2026-02-03,-0.9,-13.6,-7.2,0.0,0.0,0.0,10.0,18.7,33050.81
2026-02-04,-1.1,-10.0,-4.8,0.0,0.0,0.0,14.5,29.9,32870.36
2026-02-05,-2.5,-13.1,-8.4,0.0,0.0,0.0,10.2,23.4,33586.99
2026-02-06,-2.4,-12.4,-7.2,0.3,0.0,0.21,9.5,18.4,30524.44
2026-02-07,-3.7,-17.0,-10.8,0.8,0.0,0.56,28.8,60.8,30743.52
2026-02-08,-10.1,-17.8,-14.2,0.0,0.0,0.0,22.2,45.4,34039.69
2026-02-09,-4.0,-14.6,-9.6,0.0,0.0,0.0,15.8,31.3,34191.54
2026-02-10,-0.2,-9.9,-4.9,0.0,0.0,0.0,15.3,29.9,18687.28
2026-02-11,3.4,-0.8,0.9,0.3,0.3,0.0,17.6,36.7,26104.08
2026-02-12,0.9,-4.8,-1.6,0.0,0.0,0.0,17.0,42.1,20375.46
2026-02-13,1.1,-8.5,-4.1,0.0,0.0,0.0,12.9,25.2,34769.71
2026-02-14,3.8,-7.8,-1.3,0.0,0.0,0.0,10.7,21.2,34850.79
2026-02-15,2.5,-6.2,-1.2,0.9,0.0,0.63,9.8,19.8,11352.28
2026-02-16,2.1,-2.0,-0.1,1.5,0.0,1.05,13.0,27.4,31285.01
2026-02-17,5.8,0.3,2.4,0.0,0.0,0.0,11.4,28.8,21603.6
2026-02-18,3.8,-0.4,1.8,2.6,2.6,0.0,10.0,18.4,2251.04
2026-02-19,3.9,1.4,2.4,0.0,0.0,0.0,9.8,20.9,304.23
2026-02-20,4.4,0.5,2.1,9.6,9.6,0.0,13.1,44.3,0.0
2026-02-21,8.0,-0.9,4.0,0.0,0.0,0.0,11.7,29.2,29714.1
2026-02-22,2.8,-0.6,1.1,15.2,2.0,9.24,26.3,54.7,0.0
2026-02-23,1.5,-2.4,-0.3,19.9,0.0,13.93,33.0,70.6,0.0
2026-02-24,-1.6,-10.9,-4.8,0.0,0.0,0.0,17.3,40.7,36207.04
2026-02-25,2.5,-9.8,-0.3,2.1,0.6,1.05,14.8,29.2,24926.47
2026-02-26,3.7,-4.0,1.0,0.0,0.0,0.0,14.1,27.0,33635.38
2026-02-27,1.0,-9.1,-3.4,0.0,0.0,0.0,12.3,27.0,36798.16
2026-02-28,2.8,-6.5,-1.8,0.0,0.0,0.0,4.4,12.2,27026.34
2026-03-01,3.2,-5.2,-0.4,0.9,0.3,0.42,16.6,33.8,22641.57
2026-03-02,-2.0,-9.9,-5.8,0.0,0.0,0.0,11.4,24.1,37272.1
2026-03-03,1.2,-6.1,-0.6,9.5,7.1,1.68,8.5,19.1,0.0
2026-03-04,9.9,0.5,3.8,1.8,1.8,0.0,9.2,17.6,31838.67
